{"cameraMode":{"drawMode":0,"name":"Shaded","section":"Shading Mode"},"sceneLighting":true,"audioPlay":false,"sceneViewState":{"m_AlwaysRefresh":false,"showFog":true,"showSkybox":true,"showFlares":true,"showImageEffects":true,"showParticleSystems":true,"showVisualEffectGraphs":true,"m_FxEnabled":true},"in2DMode":false,"pivot":{"x":653.7699584960938,"y":36.04469299316406,"z":31.7347412109375},"rotation":{"x":0.004499297589063644,"y":0.01709100417792797,"z":0.00007687006291234866,"w":-0.9998430609703064},"size":116.21158599853516,"orthographic":false}