{"cameraMode":{"drawMode":0,"name":"Shaded","section":"Shading Mode"},"sceneLighting":false,"audioPlay":false,"sceneViewState":{"m_AlwaysRefresh":false,"showFog":true,"showSkybox":false,"showFlares":true,"showImageEffects":true,"showParticleSystems":true,"showVisualEffectGraphs":true,"m_FxEnabled":true},"in2DMode":false,"pivot":{"x":0.08050298690795899,"y":6.279465675354004,"z":2.883039951324463},"rotation":{"x":-0.23945461213588715,"y":-0.009371180087327958,"z":0.0023558768443763258,"w":-0.970886766910553},"size":10.507125854492188,"orthographic":false}